insert into public.clubs (id, name, slug)
values ('11111111-1111-4111-8111-111111111111', 'Judo Club Foundation', 'judo-club-foundation')
on conflict (id) do nothing;

insert into public.training_groups (id, club_id, name, description, training_days, display_order)
values
  (
    '22222222-2222-4222-8222-222222222201',
    '11111111-1111-4111-8111-111111111111',
    'Помлада група',
    'Помлади спортисти и основна натпреварувачка подготовка.',
    'Понеделник, среда, петок',
    1
  ),
  (
    '22222222-2222-4222-8222-222222222202',
    '11111111-1111-4111-8111-111111111111',
    'Напредна група',
    'Искусни натпреварувачи и тренинг со поголем интензитет.',
    'Вторник, четврток, сабота',
    2
  )
on conflict (id) do nothing;

insert into public.athletes (
  id,
  club_id,
  current_group_id,
  full_name,
  birth_date,
  status,
  joined_at,
  current_belt_text,
  profile_summary
)
values
  (
    '33333333-3333-4333-8333-333333333301',
    '11111111-1111-4111-8111-111111111111',
    '22222222-2222-4222-8222-222222222201',
    'Ana Stojanovska',
    '2014-05-12',
    'active',
    '2024-09-01',
    'Жолт појас',
    'Редовна спортистка од помладата група. Подготвена за идните процеси за присуство и натпревари.'
  ),
  (
    '33333333-3333-4333-8333-333333333302',
    '11111111-1111-4111-8111-111111111111',
    '22222222-2222-4222-8222-222222222202',
    'Marko Petrov',
    '2012-03-21',
    'active',
    '2023-02-15',
    'Портокалов појас',
    'Спортист од напредната група. Профилот е подготвен за идно присуство и натпреварувачка историја.'
  ),
  (
    '33333333-3333-4333-8333-333333333303',
    '11111111-1111-4111-8111-111111111111',
    '22222222-2222-4222-8222-222222222201',
    'Luka Iliev',
    '2015-10-02',
    'paused',
    '2025-01-10',
    'Бел појас',
    'Привремено паузиран. Оперативната видливост останува, без процес за присуство во оваа фаза.'
  )
on conflict (id) do nothing;

insert into public.guardians (id, club_id, full_name, phone, email)
values
  (
    '44444444-4444-4444-8444-444444444401',
    '11111111-1111-4111-8111-111111111111',
    'Mila Stojanovska',
    '+389 70 000 101',
    'mila.parent@example.com'
  ),
  (
    '44444444-4444-4444-8444-444444444402',
    '11111111-1111-4111-8111-111111111111',
    'Elena Petrova',
    '+389 70 000 102',
    'elena.parent@example.com'
  ),
  (
    '44444444-4444-4444-8444-444444444403',
    '11111111-1111-4111-8111-111111111111',
    'Viktor Petrov',
    '+389 70 000 103',
    null
  ),
  (
    '44444444-4444-4444-8444-444444444404',
    '11111111-1111-4111-8111-111111111111',
    'Sara Ilieva',
    '+389 70 000 104',
    null
  )
on conflict (id) do nothing;

insert into public.athlete_guardians (
  id,
  club_id,
  athlete_id,
  guardian_id,
  relationship,
  is_primary_contact,
  receives_notifications
)
values
  (
    '55555555-5555-4555-8555-555555555501',
    '11111111-1111-4111-8111-111111111111',
    '33333333-3333-4333-8333-333333333301',
    '44444444-4444-4444-8444-444444444401',
    'mother',
    true,
    true
  ),
  (
    '55555555-5555-4555-8555-555555555502',
    '11111111-1111-4111-8111-111111111111',
    '33333333-3333-4333-8333-333333333302',
    '44444444-4444-4444-8444-444444444402',
    'mother',
    true,
    true
  ),
  (
    '55555555-5555-4555-8555-555555555503',
    '11111111-1111-4111-8111-111111111111',
    '33333333-3333-4333-8333-333333333302',
    '44444444-4444-4444-8444-444444444403',
    'father',
    false,
    true
  ),
  (
    '55555555-5555-4555-8555-555555555504',
    '11111111-1111-4111-8111-111111111111',
    '33333333-3333-4333-8333-333333333303',
    '44444444-4444-4444-8444-444444444404',
    'guardian',
    true,
    true
  )
on conflict (id) do nothing;
